"Wave (string, required)",Ships (List<string>)
0,
1,OrangeShip
,OrangeShip
,OrangeShip
,OrangeShip
,OrangeShip
,OrangeShip
,OrangeShip
,OrangeShip
,OrangeShip
,OrangeShip
,OrangeShip
,OrangeShip
,OrangeShip
,OrangeShip
,OrangeShip
,OrangeShip
,OrangeShip
,OrangeShip
,OrangeShip
,OrangeShip
,OrangeShip
,OrangeShip
,OrangeShip
,OrangeShip
,OrangeShip
,OrangeShip
,OrangeShip
,OrangeShip
,OrangeShip
,OrangeShip
,OrangeShip
,OrangeShip
2,OrangeShip
,OrangeShip
,OrangeShip
,OrangeShip
,OrangeShip
,OrangeShip
,OrangeShip
,OrangeShip
,OrangeShip
,OrangeShip
,OrangeShip
,OrangeShip
,OrangeShip
,OrangeShip
,OrangeShip
,OrangeShip
,OrangeShip
,OrangeShip
,OrangeShip
,OrangeShip
,OrangeShip
,OrangeShip
,OrangeShip
,OrangeShip
,OrangeTea
,OrangeTea
,OrangeTea
,OrangeTea
,OrangeTea
,OrangeTea
,OrangeTea
,OrangeTea
3,OrangeShip
,OrangeShip
,OrangeShip
,OrangeShip
,OrangeShip
,OrangeShip
,OrangeShip
,OrangeShip
,OrangeShip
,OrangeShip
,OrangeShip
,OrangeShip
,OrangeShip
,OrangeShip
,OrangeShip
,OrangeShip
,OrangeTea
,OrangeTea
,OrangeTea
,OrangeTea
,OrangeTea
,OrangeTea
,OrangeTea
,OrangeTea
,OrangeTea
,OrangeTea
,OrangeTea
,OrangeTea
,OrangeTea
,OrangeTea
,OrangeTea
,OrangeTea
